2,49,2023-06-16 03:47:22
4,30,2023-06-12 18:57:41
2,59,2023-06-18 08:28:49
7,9,2023-06-03 23:16:28
1,17,2023-06-18 14:35:37
6,64,2023-06-24 07:32:03
2,63,2023-06-18 19:47:30
7,84,2023-06-08 00:05:17
2,36,2023-06-10 20:34:14
4,84,2023-06-02 14:44:09
2,4,2023-06-15 17:59:37
4,29,2023-06-28 14:33:11
0,96,2023-06-26 21:53:43
1,38,2023-06-14 12:47:03
3,51,2023-06-29 08:29:13
4,8,2023-06-12 17:15:13
6,38,2023-06-26 14:17:04
6,5,2023-06-16 00:41:44
1,43,2023-06-22 07:29:39
1,59,2023-06-09 09:56:35
6,21,2023-06-02 22:54:46
1,26,2023-06-06 02:08:07
7,93,2023-06-19 16:50:39
0,100,2023-06-18 17:56:33
3,63,2023-06-26 19:54:21
4,98,2023-06-28 12:56:30
5,11,2023-06-10 04:26:56
3,83,2023-06-18 01:12:27
0,89,2023-06-15 02:51:14
1,67,2023-06-17 01:33:00
0,42,2023-06-03 20:42:16
4,59,2023-06-10 10:13:34
2,54,2023-06-10 19:41:36
4,67,2023-06-21 06:30:39
7,28,2023-06-19 08:14:55
6,47,2023-06-26 07:06:15
5,59,2023-06-15 00:56:41
4,63,2023-06-29 08:42:17
7,52,2023-06-09 07:40:49
3,63,2023-06-12 21:17:03
2,93,2023-06-22 23:15:47
4,85,2023-06-24 19:59:48
0,51,2023-06-14 13:16:31
5,31,2023-06-09 03:42:18
2,67,2023-06-02 00:05:19
2,39,2023-06-22 17:42:23
6,84,2023-06-08 16:45:20
4,32,2023-06-19 02:40:54
7,23,2023-06-16 14:23:39
3,19,2023-06-10 12:59:50
1,40,2023-06-28 10:03:36
3,18,2023-06-26 17:16:10
2,60,2023-06-26 01:57:54
6,47,2023-06-03 12:18:20
0,15,2023-06-27 04:37:50
1,64,2023-06-02 03:24:08
0,1,2023-06-11 05:47:12
4,94,2023-06-05 04:35:30
5,68,2023-06-20 07:06:07
1,54,2023-06-19 05:26:14
3,84,2023-06-29 15:17:59
7,54,2023-06-19 12:10:08
6,63,2023-06-07 22:22:01
5,44,2023-06-13 15:50:57
5,80,2023-06-24 01:51:57
1,16,2023-06-06 20:44:31
0,60,2023-06-14 23:23:13
7,33,2023-06-06 01:57:57
3,52,2023-06-03 18:26:45
0,92,2023-06-09 03:52:52
6,43,2023-06-16 16:46:13
4,29,2023-06-18 23:54:26
5,88,2023-06-10 12:55:22
6,65,2023-06-21 08:16:41
7,60,2023-06-20 07:50:55
7,67,2023-06-28 16:51:28
3,46,2023-06-19 10:39:09
5,76,2023-06-28 05:04:27
4,24,2023-06-07 09:21:16
7,6,2023-06-06 21:00:28
1,6,2023-06-06 06:35:04
0,84,2023-06-26 07:26:44
5,55,2023-06-16 22:57:33
1,42,2023-06-27 10:33:56
7,47,2023-06-23 11:25:36
2,25,2023-06-19 06:04:25
6,23,2023-06-05 23:37:11
5,98,2023-06-04 08:52:48
1,7,2023-06-24 17:16:48
7,79,2023-06-17 16:57:31
4,64,2023-06-06 02:45:13
7,20,2023-06-29 19:53:12
6,35,2023-06-22 21:42:41
6,74,2023-06-24 02:14:41
7,27,2023-06-14 17:57:41
7,38,2023-06-22 09:43:57
1,12,2023-06-25 20:15:24
7,83,2023-06-11 19:50:33
4,98,2023-06-10 23:46:58
3,27,2023-06-29 11:10:00
7,71,2023-06-18 11:01:54
1,90,2023-06-11 08:44:50
7,99,2023-06-18 03:12:49
0,84,2023-06-10 16:51:06
6,82,2023-06-04 03:40:44
0,78,2023-06-21 03:05:16
7,97,2023-06-03 14:09:49
3,10,2023-06-20 04:37:18
3,64,2023-06-04 23:53:07
0,73,2023-06-07 21:29:29
6,81,2023-06-28 10:38:59
7,73,2023-06-06 14:54:39
3,16,2023-06-27 09:25:52
2,44,2023-06-04 21:19:51
0,57,2023-06-12 03:57:48
2,31,2023-06-11 08:43:33
0,61,2023-06-15 14:27:23
2,18,2023-06-02 01:27:28
0,40,2023-06-09 01:38:02
1,38,2023-06-19 14:38:30
1,95,2023-06-26 15:50:17
0,16,2023-06-25 02:33:12
1,8,2023-06-09 17:01:15
7,79,2023-06-17 23:16:06
2,42,2023-06-11 11:31:58
0,34,2023-06-11 19:16:55
5,5,2023-06-23 16:22:04
3,67,2023-06-22 08:43:11
3,50,2023-06-21 23:22:37
7,59,2023-06-25 19:33:54
6,76,2023-06-02 12:05:38
2,12,2023-06-03 04:16:42
6,88,2023-06-12 09:07:53
3,17,2023-06-20 15:48:51
1,54,2023-06-06 13:12:07
7,16,2023-06-19 18:05:47
3,19,2023-06-20 16:42:59
3,83,2023-06-27 14:45:39
4,30,2023-06-29 22:52:31
0,99,2023-06-02 05:22:16
0,71,2023-06-19 17:26:25
4,81,2023-06-29 13:05:45
2,10,2023-06-25 07:28:20
1,100,2023-06-02 01:40:33
4,24,2023-06-22 23:49:02
1,33,2023-06-27 10:42:05
1,8,2023-06-11 16:11:34
3,2,2023-06-08 17:04:39
2,40,2023-06-04 18:13:06
3,73,2023-06-07 13:04:20
3,47,2023-06-22 16:57:36
3,62,2023-06-14 12:31:22
6,50,2023-06-04 10:11:55
3,56,2023-06-13 13:02:40
4,52,2023-06-18 15:32:35
1,27,2023-06-19 17:37:00
7,78,2023-06-28 06:31:50
2,9,2023-06-27 19:28:51
7,50,2023-06-17 23:15:49
5,24,2023-06-12 17:38:29
1,10,2023-06-26 18:51:58
5,89,2023-06-20 18:24:48
2,51,2023-06-27 17:40:58
3,38,2023-06-23 20:07:08
1,90,2023-06-06 03:25:46
5,10,2023-06-23 12:36:04
7,72,2023-06-14 05:19:41
4,80,2023-06-20 00:11:30
5,14,2023-06-21 16:29:01
2,22,2023-06-11 10:32:38
5,98,2023-06-14 03:34:54
1,67,2023-06-21 11:13:00
3,91,2023-06-23 03:20:15
7,92,2023-06-16 08:10:19
2,96,2023-06-21 19:33:56
4,62,2023-06-13 04:37:02
0,73,2023-06-16 04:14:29
6,33,2023-06-11 23:36:21
6,82,2023-06-08 12:42:19
5,19,2023-06-11 06:54:08
7,87,2023-06-17 11:23:48
0,85,2023-06-28 13:29:22
7,46,2023-06-14 14:25:24
7,19,2023-06-06 20:08:38
1,45,2023-06-11 10:30:09
3,11,2023-06-19 23:39:37
3,41,2023-06-10 04:01:29
7,75,2023-06-28 14:40:18
2,25,2023-06-06 09:29:54
2,59,2023-06-11 22:33:13
6,39,2023-06-11 00:51:02
2,34,2023-06-17 04:42:53
6,45,2023-06-12 05:08:11
6,82,2023-06-04 18:38:12
5,33,2023-06-12 02:29:35
4,64,2023-06-21 17:54:42
2,88,2023-06-27 06:00:30
3,71,2023-06-14 15:54:53
0,99,2023-06-23 07:10:24
7,6,2023-06-26 12:07:58
